{
    "Light Model"             : "LAMBERT",
    "Recursive Depth"         : 3,
    "Samples Grid"            : 1,
    "Background Color"        : "FFEFD5",
    "Ambient Light Intensity" : {
        "Red"   : 0.15,
        "Green" : 0.15,
        "Blue"  : 0.15,
        "Alpha" : 0
    },
    "Camera"                  : {
        "Type"                 : "STANDART",
        "Position"             : {"x" : 0, "y" : 0, "z" : -50},
        "Camera Rotate Angles" : [0, 5, 0],
        "FOV"                  : 45
    },
    "Skybox"                  : {
        "Radius" : 10,
        "Color"  : "BB0000",
        "Texture"  : {
            "Type"          : "MAPPING",
            "Path"          : "image/test.png",
            "Octaves"       : 3,
            "Amplitude"     : 1,
            "Persistence"   : 0.5,
            "Exponent"      : 5.56,
            "Frequency"     : {"x" : 0.9, "y" : 0.9, "z" : 0.9},
            "Frequency Att" : {"x" : 2, "y" : 2, "z" : 2}
        }
    },
    "Light"                   : [
        {
            "Type"                              : "POINT_LIGHT",
            "Position"                          : {"x" : 80, "y" : 10, "z" : 0},
            "Direction"                         : {"x" : 0, "y" : 0, "z" : 0},
            "Intensity"                         : {
                "Red"   : 0.3,
                "Green" : 0.3,
                "Blue"  : 0.3,
                "Alpha" : 0
            },
            "Constant Attenuation Coefficient"  : 1,
            "Linear Attenuation Coefficient"    : 0.0014,
            "Quadratic Attenuation Coefficient" : 0.000007
        },
        {
            "Type"                              : "SPOT_LIGHT",
            "Position"                          : {
                "x" : 20, "y" : -10, "z" : 0
            },
            "Direction"                         : {
                "x" : 0, "y" : 0.25, "z" : 1
            },
            "Intensity"                         : {
                "Red"   : 0.9,
                "Green" : 0.9,
                "Blue"  : 0.9,
                "Alpha" : 0
            },
            "Constant Attenuation Coefficient"  : 1,
            "Linear Attenuation Coefficient"    : 0,
            "Quadratic Attenuation Coefficient" : 0,
            "Inner Cone"                        : 20,
            "Outer Cone"                        : 5
        },
        {
            "Type"                              : "DIRECTIONAL_LIGHT",
            "Position"                          : {"x" : 0, "y" : 0, "z" : 0},
            "Direction"                         : {
                "x" : 4, "y" : -10, "z" : 10
            },
            "Intensity"                         : {
                "Red"   : 0.1,
                "Green" : 0.1,
                "Blue"  : 0.1,
                "Alpha" : 0
            },
            "Constant Attenuation Coefficient"  : 0,
            "Linear Attenuation Coefficient"    : 0,
            "Quadratic Attenuation Coefficient" : 0
        }
    ],
    "Objects"                 : [
        {
            "Id"       : "SPHERE",
            "Object"   : {
                "Position" : {"x" : -15, "y" : 10, "z" : 120},
                "Radius"   : 10
            },
            "Material" : {
                "Color"        : "BB0000",
                "Ambient"      : {
                    "Red"   : 0.8,
                    "Green" : 0.8,
                    "Blue"  : 0.8,
                    "Alpha" : 0
                },
                "Diffuse"      : {
                    "Red"   : 1,
                    "Green" : 1,
                    "Blue"  : 1,
                    "Alpha" : 0
                },
                "Specular"     : {
                    "Red"   : 1,
                    "Green" : 1,
                    "Blue"  : 1,
                    "Alpha" : 0
                },
                "Shininess"    : 20,
                "Reflective"   : 0,
                "Transparency" : 0,
                "Refraction"   : 1.015
            },
            "Texture"  : {
                "Type"          : "MAPPING",
                "Path"          : "image/hexagon.png",
                "Octaves"       : 3,
                "Amplitude"     : 1,
                "Persistence"   : 0.5,
                "Exponent"      : 5.56,
                "Frequency"     : {"x" : 0.9, "y" : 0.9, "z" : 0.9},
                "Frequency Att" : {"x" : 2, "y" : 2, "z" : 2}
            }
        },
        {
            "Id"       : "CONE",
            "Object"   : {
                "Position"  : {"x" : 20, "y" : 25, "z" : 180},
                "Direction" : {"x" : 0, "y" : 1, "z" : 0},
                "Angle"     : 18
            },
            "Material" : {
                "Color"        : "008A00",
                "Ambient"      : {
                    "Red"   : 1,
                    "Green" : 1,
                    "Blue"  : 1,
                    "Alpha" : 0
                },
                "Diffuse"      : {
                    "Red"   : 1,
                    "Green" : 1,
                    "Blue"  : 1,
                    "Alpha" : 0
                },
                "Specular"     : {
                    "Red"   : 0.3,
                    "Green" : 0.3,
                    "Blue"  : 1,
                    "Alpha" : 0
                },
                "Shininess"    : 5,
                "Reflective"   : 0,
                "Transparency" : 0,
                "Refraction"   : 1
            }
        },
        {
            "Id"       : "PLANE_WITH_HOLE",
            "Object"   : {
                "Normal Vector"      : {"x" : 0, "y" : 0, "z" : 1},
                "Point On The Plane" : {"x" : 0, "y" : 0, "z" : 1500},
                "Holes"              : [
                    {
                        "Position" : {"x" : 200, "y" : 400, "z" : 180},
                        "Radius"   : 500
                    }
                ]
            },
            "Material" : {
                "Color"        : "F0A30A",
                "Ambient"      : {
                    "Red"   : 0.8,
                    "Green" : 0.8,
                    "Blue"  : 0.8,
                    "Alpha" : 0
                },
                "Diffuse"      : {
                    "Red"   : 1,
                    "Green" : 1,
                    "Blue"  : 1,
                    "Alpha" : 0
                },
                "Specular"     : {
                    "Red"   : 0,
                    "Green" : 0,
                    "Blue"  : 0,
                    "Alpha" : 0
                },
                "Shininess"    : 0,
                "Reflective"   : 0,
                "Transparency" : 0,
                "Refraction"   : 1
            }
        },
        {
            "Id"       : "PLANE",
            "Object"   : {
                "Point On The Plane" : {"x" : 10, "y" : -50, "z" : 30},
                "Normal Vector"      : {"x" : 0, "y" : 40, "z" : 1}
            },
            "Material" : {
                "Color"        : "F0A30A",
                "Ambient"      : {
                    "Red"   : 0.8,
                    "Green" : 0.8,
                    "Blue"  : 0.8,
                    "Alpha" : 0
                },
                "Diffuse"      : {
                    "Red"   : 1,
                    "Green" : 1,
                    "Blue"  : 1,
                    "Alpha" : 0
                },
                "Specular"     : {
                    "Red"   : 0,
                    "Green" : 0,
                    "Blue"  : 0,
                    "Alpha" : 0
                },
                "Shininess"    : 9,
                "Reflective"   : 0.2,
                "Transparency" : 0,
                "Refraction"   : 1
            },
            "Texture"  : {
                "Type"       : "CONTOURS",
                "Contour"    : "AA0000",
                "Background" : "FFFFFF",
                "Thickness"  : 0.1,
                "Frequency"  : 2
            }
        },
        {
            "Id"       : "CYLINDER",
            "Object"   : {
                "Position"  : {"x" : -30, "y" : 30, "z" : 180},
                "Direction" : {"x" : 1, "y" : 4, "z" : 14},
                "Radius"    : 8
            },
            "Material" : {
                "Color"        : "0050EF",
                "Ambient"      : {
                    "Red"   : 1,
                    "Green" : 1,
                    "Blue"  : 1,
                    "Alpha" : 0
                },
                "Diffuse"      : {
                    "Red"   : 1,
                    "Green" : 1,
                    "Blue"  : 1,
                    "Alpha" : 0
                },
                "Specular"     : {
                    "Red"   : 0,
                    "Green" : 0,
                    "Blue"  : 0,
                    "Alpha" : 0
                },
                "Shininess"    : 7,
                "Reflective"   : 0,
                "Transparency" : 0,
                "Refraction"   : 1
            }
        },
        {
            "Id"       : "TORUS",
            "Object"   : {
                "Position"     : {"x" : 55, "y" : 10, "z" : 200},
                "Direction"    : {"x" : 10, "y" : -50, "z" : 30},
                "Minor Radius" : 4,
                "Major Radius" : 15
            },
            "Material" : {
                "Color"        : "330000",
                "Ambient"      : {
                    "Red"   : 1,
                    "Green" : 1,
                    "Blue"  : 1,
                    "Alpha" : 0
                },
                "Diffuse"      : {
                    "Red"   : 0.8,
                    "Green" : 0.8,
                    "Blue"  : 0.8,
                    "Alpha" : 0
                },
                "Specular"     : {
                    "Red"   : 0.4,
                    "Green" : 0.4,
                    "Blue"  : 0.4,
                    "Alpha" : 0
                },
                "Shininess"    : 7,
                "Reflective"   : 0,
                "Transparency" : 0,
                "Refraction"   : 1
            },
            "Texture"  : {
                "Type"          : "JUPITER",
                "Band"          : "00cbff",
                "Background"    : "0026e2",
                "Vortices"      : 0,
                "Bands"         : 0.4,
                "Perturbations" : 0.9,
                "Bands Fade"    : 0.9
            }
        },
        {
            "Id"       : "TRIANGLE",
            "Object"   : {
                "Vertex A" : {"x" : -15, "y" : 20, "z" : 180},
                "Vertex B" : {"x" : 20, "y" : 20, "z" : 220},
                "Vertex C" : {"x" : 3, "y" : 40, "z" : 180}
            },
            "Material" : {
                "Color"        : "00CED1",
                "Ambient"      : {
                    "Red"   : 1,
                    "Green" : 1,
                    "Blue"  : 1,
                    "Alpha" : 0
                },
                "Diffuse"      : {
                    "Red"   : 0.8,
                    "Green" : 0.8,
                    "Blue"  : 0.8,
                    "Alpha" : 0
                },
                "Specular"     : {
                    "Red"   : 0.3,
                    "Green" : 0.3,
                    "Blue"  : 1,
                    "Alpha" : 0
                },
                "Shininess"    : 7,
                "Reflective"   : 0,
                "Transparency" : 0,
                "Refraction"   : 1
            }
        },
        {
            "Id"       : "DISC",
            "Object"   : {
                "Position"      : {"x" : 40, "y" : -20, "z" : 150},
                "Normal Vector" : {"x" : -40, "y" : 50, "z" : -10},
                "Radius"        : 20
            },
            "Material" : {
                "Color"        : "0000EF",
                "Ambient"      : {
                    "Red"   : 1,
                    "Green" : 1,
                    "Blue"  : 1,
                    "Alpha" : 0
                },
                "Diffuse"      : {
                    "Red"   : 1,
                    "Green" : 1,
                    "Blue"  : 1,
                    "Alpha" : 0
                },
                "Specular"     : {
                    "Red"   : 0,
                    "Green" : 0,
                    "Blue"  : 0,
                    "Alpha" : 0
                },
                "Shininess"    : 7,
                "Reflective"   : 0.8,
                "Transparency" : 0,
                "Refraction"   : 1
            }
        },
        {
            "Id"       : "DISC_WITH_HOLE",
            "Object"   : {
                "Disc" : {
                    "Position"      : {"x" : 0, "y" : 25, "z" : 100},
                    "Normal Vector" : {"x" : 10, "y" : 10, "z" : 10},
                    "Radius"        : 15
                },
                "Hole" : {
                    "Position" : {"x" : 0, "y" : 25, "z" : 100},
                    "Radius"   : 10
                }
            },
            "Material" : {
                "Color"        : "0000EF",
                "Ambient"      : {
                    "Red"   : 1,
                    "Green" : 1,
                    "Blue"  : 1,
                    "Alpha" : 0
                },
                "Diffuse"      : {
                    "Red"   : 1,
                    "Green" : 1,
                    "Blue"  : 1,
                    "Alpha" : 0
                },
                "Specular"     : {
                    "Red"   : 0,
                    "Green" : 0,
                    "Blue"  : 0,
                    "Alpha" : 0
                },
                "Shininess"    : 0,
                "Reflective"   : 0,
                "Transparency" : 0,
                "Refraction"   : 1
            },
            "Texture"  : {
                "Type"          : "JUPITER",
                "Band"          : "302D27",
                "Background"    : "59564E",
                "Vortices"      : 0,
                "Bands"         : 0.4,
                "Perturbations" : 0.9,
                "Bands Fade"    : 0.9
            }
        },
        {
            "Id"       : "ELLIPSOID",
            "Object"   : {
                "Position" : {"x" : -20, "y" : -20, "z" : 80},
                "Size x"   : 7,
                "Size y"   : 9,
                "Size z"   : 5
            },
            "Material" : {
                "Color"        : "FF66CC",
                "Ambient"      : {
                    "Red"   : 0.8,
                    "Green" : 0.8,
                    "Blue"  : 0.8,
                    "Alpha" : 0
                },
                "Diffuse"      : {
                    "Red"   : 1,
                    "Green" : 1,
                    "Blue"  : 1,
                    "Alpha" : 0
                },
                "Specular"     : {
                    "Red"   : 1,
                    "Green" : 1,
                    "Blue"  : 1,
                    "Alpha" : 0
                },
                "Shininess"    : 7,
                "Reflective"   : 0,
                "Transparency" : 0,
                "Refraction"   : 1
            },
            "Texture"  : {
                "Type"       : "CONTOURS",
                "Contour"    : "AA0000",
                "Background" : "FFFFFF",
                "Thickness"  : 0.1,
                "Frequency"  : 2
            }
        },
        {
            "Id"       : "PARABOLOID",
            "Object"   : {
                "Extremum"  : {"x" : 65, "y" : 30, "z" : 100},
                "Direction" : {"x" : 0, "y" : -1, "z" : 0},
                "Distance"  : 1
            },
            "Material" : {
                "Color"        : "647687",
                "Ambient"      : {
                    "Red"   : 0.3,
                    "Green" : 0.3,
                    "Blue"  : 0.3,
                    "Alpha" : 0
                },
                "Diffuse"      : {
                    "Red"   : 1,
                    "Green" : 1,
                    "Blue"  : 1,
                    "Alpha" : 0
                },
                "Specular"     : {
                    "Red"   : 0.2,
                    "Green" : 0.2,
                    "Blue"  : 0.2,
                    "Alpha" : 0
                },
                "Shininess"    : 7,
                "Reflective"   : 0,
                "Transparency" : 0,
                "Refraction"   : 1
            },
            "Texture"  : {
                "Type"      : "CAUSTIC",
                "Color 1"   : "42f4b6",
                "Color 2"   : "f8fca6",
                "Sharpness" : 0,
                "Coverage"  : 0.8
            }
        },
        {
            "Id"       : "LIMITED_CYLINDER",
            "Object"   : {
                "Position"  : {"x" : -30, "y" : 30, "z" : 60},
                "Direction" : {"x" : 0.2, "y" : 0.6, "z" : 1},
                "Radius"    : 8,
                "Cut"       : 15,
                "Caps"      : "ON"
            },
            "Material" : {
                "Color"        : "FF0000",
                "Ambient"      : {
                    "Red"   : 0.9,
                    "Green" : 0.9,
                    "Blue"  : 0.9,
                    "Alpha" : 0
                },
                "Diffuse"      : {
                    "Red"   : 1,
                    "Green" : 1,
                    "Blue"  : 1,
                    "Alpha" : 0
                },
                "Specular"     : {
                    "Red"   : 0.2,
                    "Green" : 0.2,
                    "Blue"  : 0.2,
                    "Alpha" : 0
                },
                "Shininess"    : 7,
                "Reflective"   : 0,
                "Transparency" : 0,
                "Refraction"   : 1
            },
            "Texture"  : {
                "Type"      : "PLASMA",
                "Frequency" : {
                    "Red"   : 3.08,
                    "Green" : 0.1,
                    "Blue"  : 4.25,
                    "Alpha" : 0
                },
                "Phase"     : {
                    "Red"   : -1.2,
                    "Green" : 2.4,
                    "Blue"  : 0.8,
                    "Alpha" : 0
                }
            }
        },
        {
            "Id"       : "LIMITED_CONE",
            "Object"   : {
                "Position"  : {"x" : 20, "y" : 5, "z" : 80},
                "Direction" : {"x" : 0, "y" : -1, "z" : -0.8},
                "Angle"     : 18,
                "Cut 1"     : 10,
                "Cut 2"     : 20,
                "Caps"      : "ON"
            },
            "Material" : {
                "Color"        : "F28CD8",
                "Ambient"      : {
                    "Red"   : 1,
                    "Green" : 1,
                    "Blue"  : 1,
                    "Alpha" : 0
                },
                "Diffuse"      : {
                    "Red"   : 1,
                    "Green" : 1,
                    "Blue"  : 1,
                    "Alpha" : 0
                },
                "Specular"     : {
                    "Red"   : 0.3,
                    "Green" : 0.3,
                    "Blue"  : 1,
                    "Alpha" : 0
                },
                "Shininess"    : 5,
                "Reflective"   : 0,
                "Transparency" : 0,
                "Refraction"   : 1
            }
        },
        {
            "Id"       : "LIMITED_PARABOLOID",
            "Object"   : {
                "Extremum"  : {"x" : 35, "y" : 40, "z" : 100},
                "Direction" : {"x" : 0, "y" : -0.7, "z" : -0.3},
                "Distance"  : 1,
                "Cut"       : 10
            },
            "Material" : {
                "Color"        : "FF0000",
                "Ambient"      : {
                    "Red"   : 0.3,
                    "Green" : 0.3,
                    "Blue"  : 0.3,
                    "Alpha" : 0
                },
                "Diffuse"      : {
                    "Red"   : 1,
                    "Green" : 1,
                    "Blue"  : 1,
                    "Alpha" : 0
                },
                "Specular"     : {
                    "Red"   : 0.2,
                    "Green" : 0.2,
                    "Blue"  : 0.2,
                    "Alpha" : 0
                },
                "Shininess"    : 7,
                "Reflective"   : 0,
                "Transparency" : 0,
                "Refraction"   : 1
            }
        },
        {
            "Id"       : "LIMITED_SPHERE",
            "Object"   : {
                "Position"  : {"x" : 5, "y" : -10, "z" : 0},
                "Direction" : {"x" : 0.2, "y" : -1, "z" : 0.4},
                "Radius"    : 5,
                "Cut"       : -2,
                "Caps"      : "ON"
            },
            "Material" : {
                "Color"        : "0000FF",
                "Ambient"      : {
                    "Red"   : 0.8,
                    "Green" : 0.8,
                    "Blue"  : 0.8,
                    "Alpha" : 0
                },
                "Diffuse"      : {
                    "Red"   : 1,
                    "Green" : 1,
                    "Blue"  : 1,
                    "Alpha" : 0
                },
                "Specular"     : {
                    "Red"   : 1,
                    "Green" : 1,
                    "Blue"  : 1,
                    "Alpha" : 0
                },
                "Shininess"    : 8,
                "Reflective"   : 0,
                "Transparency" : 0,
                "Refraction"   : 1.015
            }
        }
    ]
}
